{"cameraMode":{"drawMode":0,"name":"Shaded","section":"Shading Mode"},"sceneLighting":true,"audioPlay":false,"sceneViewState":{"m_AlwaysRefresh":false,"showFog":true,"showSkybox":true,"showFlares":true,"showImageEffects":true,"showParticleSystems":true,"showVisualEffectGraphs":true,"m_FxEnabled":true},"in2DMode":false,"pivot":{"x":-1.8374834060668946,"y":2.5685882568359377,"z":1.6840267181396485},"rotation":{"x":0.18450874090194703,"y":-0.08685928583145142,"z":0.01637282595038414,"w":0.978849470615387},"size":12.156942367553711,"orthographic":false}